{"model description": "pretrained_pipeline", "accuracy": 0.7869140846668936, "precision": 0.8195424781018794, "recall": 0.7329910629397224}