{"model description": "Universal_Classifier_final", "accuracy": 0.8723677258661031, "precision": 0.8938205771643664, "recall": 0.8489497988976612, "time": 924.8670990467072}