{"model description": "Universal_Classifier", "accuracy": 0.8675331167208198, "precision": 0.8636363636363636, "recall": 0.875619425173439, "time": 551.0385859012604}